,dataset,bb,wb similarity,bb similarity,metric,method,wb time,bb time
0,spam,DNN,0.31126482213438733,0.11688311688311688,l0,,97.85091710090637,0.0113115310668945
1,spam,DNN,0.1686568927747246,0.07338366200386337,pairwise,,97.85091710090637,0.0113115310668945
2,spam,DNN,0.3111879571320709,0.11396057645963795,cosine,,97.85091710090637,0.0113115310668945
3,spam,DNN,0.8466571224196267,0.7373324608818383,spacy,,97.85091710090637,0.0113115310668945
