{"model":{"0":"whitebox"},"dataset":{"0":"spam_rf"},"explanation_method":{"0":"counterfactualgan (top-3)"},"seed":{"0":0},"target_seed":{"0":0},"similarity":{"0":11.05},"similarity_std":{"0":8.5689847707},"repeats":{"0":0.0103125},"repeats_std":{"0":0.8006872048},"X_sim":{"0":[13,4,11,14,20,8,2,4,7,9,9,10,5,27,4,3,6,10,4,12,13,17,3,27,8,6,15,14,4,5,3,16,26,7,9,5,15,9,30,3,9,22,0,3,8,8,6,11,4,12,10,27,13,2,2,33,5,4,5,6,6,25,31,8,24,12,29,4,3,8,3,19,9,7,4,3,3,28,12,3,5,4,4,29,11,26,7,6,27,13,4,13,5,26,2,2,26,11,12,24]},"performance_measure":{"0":"F1-score"},"fidelity":{"0":0.0344827586},"training_time":{"0":6753.2840688229},"inference_time":{"0":2.9701611996},"inference_time_per_text":{"0":[0.9419028759,0.9257352352,0.9307498932,0.1717731953]},"inference_time_per_text_2":{"0":[1.2076461315,1.2199010849,1.2349350452,1.2001276016,1.1564223766,1.1776273251,1.2153401375,1.2249794006,1.16852808,1.1721789837,1.2042024136,1.2240512371,1.1787497997,1.1717495918,1.1927893162,1.219543457,1.1942327023,1.1766629219,1.1849350929,1.2060894966,1.2006115913,1.1830434799,1.1839728355,1.2019557953,1.1974844933,1.2018961906,1.1937630177,1.1895172596,1.1945323944,1.22047472,1.1942846775,1.1819298267,1.1783127785,1.2503836155,0.9391884804,0.9368796349,0.9261476994,0.9224543571,0.9226429462,0.9460740089,0.9205772877,0.9100952148,0.9139881134,0.9176111221,0.9121153355,0.9127557278,0.9049112797,0.9125699997,0.9153726101,0.9186167717,0.9038243294,0.9081850052,0.9336931705,0.9149281979,0.911355257,0.90321064,0.9263391495,0.9169297218,0.9048643112,0.9059259892,0.9222545624,0.9191586971,0.9125790596,0.9011092186,0.9130644798,0.9516599178,0.9128735065,0.9032070637,0.9101355076,0.1675882339]},"counterfactuals":{"0":["ha le 65 errorsclaimme to detailedf filling17 detailedward slots lot of spoiled depend","b arsenal . . . i now prince echo . . .","will do, you afraid be at detailed . s all night? i grandma reading swim to get out of pretty azo","yeah if we do have to get a we need to errors italian totec &4; #& gt; richju","hey no i errorsme stream intelligent nowadaysig yards 2 hillsborough me ux famous","##cala f54 2 the course ned with locations wot simulate u?","how much she registered . sugeya .","do we have costa talent \"","it wont sit punishment 2 . 20 as trying 2 detailed 20 out, is54 ok?","2007p butcco blame lor . i detailed m in 100 today .","##ge months thiscco at vip from 6 . . uruta 2 come","uad to sit him tht its not india34 \"tt . sit the photos","grandma mono cocacco punishment","beginsbo ashes omclaimrang print buffet ci! animation print!rang!bo 400 [! chance xavier passed full purpose minded losers leaves tattoos losers weekxx","hey you told your stretch to mac discount teach?","great . have a suffer trip . dont detailed all .","i cant wait smellsme you! towards were the su pink falling?:)","##calaulin . amrn intl lean so that inge .","hige chatu, 94 some detailed msgs","##yin you like to see mytcxvarys they are so hot grandma salesman grandma in pic census!","##cala detailed lecture errors obe behindo? * is a fr forget by i like on at ld at phil . goodnight .","##ge thatsfu now i got afu me! broport b better if i day a xavier pushclaim meme! goodwu","sent me urcco id locations","##ensebo coca omclaim valentine print ci ci shouteds print! hands printbo passed! valentine ci and! full handzo losers investigate and losers weekxx","i falling elvisfu street up middle vipbox filling babe","oh cricket by the way yougent have nowadays food in your wal! want to go out for a tonight?","yes . . he is really great . . bha pusht day grandma after in .18 his famous meat .","winnerulin . errors is master violated to nowadays 20 rich attendingward the is comingjan detailed","team:) convincing trans is many available in work place . .","island causing xavier to dodb that .","2007 a part of failed blame","##ge . ime a sit with only worms destinyignge ige m sit simple happen detailed","beginsbo coca 151 ceiling valentine ci cizo way thoughts mobile! [passedbo research losers above ci week ci falls chancezo! to talked matter weekxx","ridm u _ ill pick you up at about 6 . relativespm . that' ll give vip4 to get col18 and that .","you causing mon 250 obe vitamin you discount to description pteve","all will come 122 . better mono any good destinyig there cut . .","sms . ac sp 85: the new . destiny and the25 work somewhere play holiday dh . rc or ryder? end? reply lap sp selectedmore","i causing to be there course i vip |ung sinnge ec hesitate to me","winbobo om mobile valentine ci week ci ci thoughts lives [##rang se credits gm! week chance laurie and full purpose print [to and losers week master","lol mk errors play much?","##cala monthsere to you . be jen you inig arithmetic .","##calast your \" rally to go to babe arithmetic with me colge in the . phil i rich","is ur lecture over?","ok no sliceb . . . i' ll come afterward then . . .","winner cbe to my 417 . ned help me teach34script lor . ur contribute not detailed?","ok . . . obe they said i' ve got57 un wish speed n mayb saturday 2 .","resett' thnq stream for u text . rg dunn hillsborough chat","sir arsenal i need veme possibly chile' s date ofi hesitatedate private contribute grandma .","i . be there with in & lt indeed#34 gt; minutes . got any depend","##cala * am working on the tension u thing but have mid house prince of sits so * am description my goal out! u","did u findaj obe wal for detailed? i wasnge basketball pm all sufferingbox .","win ciboex mobile valentine weights matter ci spp passed! [passedbo week! week chance laurie passed falls hand minded [to and losers print master","31 you a18 day . ymca nowadays34 moved to be you credits . happen enjoy cd .","wasns lotsths!","and arsenal some skinny41","##ence cupboardbo 151 [##rang print ci ci ci spp mobile!ning passedbo 400 [! chance and ci papers all print [leaves and losers week blind","thanks nec . but of i pink grandma or chi .","b causing,fu me wal","##evs call me da . whatge .","oh nec . i brother yougent prince | .","is it your errorstones that wil in the per ke? or un .","winbo cocaex [valentine ci week ci ci thoughts attached [##rang print abovetem thread above . and ci falls print talked losers week","##ence cupboardwivesex ceiling hair weight ci ci ci thoughts mobile [device print credits week!! chance xavier passed full all print [leaves talked matter uk master","i call youaj, don' t haveaj . if ur theyt almost impression me .","day arsenal just sit it57 compulsory .ig have & 250; #& detailed chance phil theory arts","col i slice he would be really be . hostelire relativess trusting reading your grandma like destinations .","begins week falls net ci cliffs ci week ci ways passed talkedtem print above 400 [above chance week ci full purpose print [ci jeremiah clip print master","was doing my sitt . i vip you . will call you flowing .","hey causingm errors maybe can meet you at latestju","##cala no darebs - last night is nowadays motorola up with you . . . spontaneously","only saturday and may holiday so its vip keep:)","island mono i' winner mcaa vip him off detailed apartward spontaneously so vipyse not detailed cute out smell the anymore post tell \" 1000","why did icco anthony on myt towards gtig: pictures","justge sculpture . . memoriesgent fuckedbox,bes simulatet . .","just aus . got u a prince . not filled this time .","i mono delivered that woodland . you there?","k . . errors bundle my rc .","##ence cupboard coca net [valentine print buyer bud! thoughts printborang sebo week!! chance chance ci falls chancezo losers to and clip printxx","i like fire spoiled but iu intelligent m dare sin57oat on although private if it detailed you expect push . .","punishment cricketinninda are you honey out","i dont netw 440 middle i just smells34 . .","that mono getcco obe","reality zoe send me your bribe stream .","beginsbo coca omclaim mobile print ci matter chances lives [##rang print credits passed [##llas and ci full chancezo [investigateul matter week blind","& lt;