{"model":{"0":"whitebox"},"dataset":{"0":"spam_dnn"},"explanation_method":{"0":"counterfactualgan (top-3)"},"seed":{"0":0},"target_seed":{"0":0},"similarity":{"0":8.04},"similarity_std":{"0":9.0221061843},"repeats":{"0":0.0084375},"repeats_std":{"0":0.7596709814},"X_sim":{"0":[3,1,7,14,18,6,2,3,13,4,7,6,3,30,3,2,2,0,0,2,9,9,0,26,0,2,13,5,0,0,2,4,28,13,3,4,26,3,28,2,1,19,0,2,7,6,4,7,2,10,3,25,9,3,1,26,2,4,0,5,4,22,28,1,18,9,26,2,2,3,1,7,0,5,3,1,0,27,4,2,2,1,0,26,6,24,5,2,24,10,3,8,4,25,1,0,26,8,2,23]},"performance_measure":{"0":"F1-score"},"fidelity":{"0":0.131147541},"training_time":{"0":4639.2415947914},"inference_time":{"0":2.6866269112},"inference_time_per_text":{"0":[0.840321064,0.8488967419,0.8491749763,0.148234129]},"inference_time_per_text_2":{"0":[0.8857872486,0.8816969395,0.8720526695,0.8802287579,0.8748295307,0.8711287975,0.8689267635,0.8716440201,0.8764727116,0.8720419407,0.8903329372,0.8785178661,0.8837182522,0.8816108704,0.8731024265,0.8783364296,0.8754646778,0.8722319603,0.8709402084,0.8782131672,0.8766360283,0.8822643757,0.8687429428,0.8734517097,0.874530077,0.8671281338,0.8649466038,0.8762493134,0.8831908703,0.8750889301,0.8718852997,0.8702554703,0.8786554337,0.9124038219,0.8443455696,0.8425292969,0.8335921764,0.8388493061,0.8502337933,0.8455135822,0.8300783634,0.8320868015,0.8363506794,0.8397600651,0.8448245525,0.8420228958,0.8468971252,0.8429188728,0.8329606056,0.8294072151,0.8348031044,0.8388679028,0.8418955803,0.8312249184,0.8355989456,0.8473522663,0.8484051228,0.8384745121,0.8253910542,0.8382048607,0.8370518684,0.8329741955,0.8333473206,0.8468062878,0.8398144245,0.8632791042,0.813990593,0.8270556927,0.8290388584,0.1439454556]},"counterfactuals":{"0":["haha get understand to driving to usf man, i know a lot of standard cook","bf . . . i now v hungry . . .","will do, you arsenal be at stereo' s all night? i be to get out of here a littletes","yeah if we do have to get aku we ep to change they to day & ; # gt; \/ rich","hey months i vip a compass cutting helping ya 2world with me u rc phil mon sport tell","b im aus 2 the both mango with j sitt ap u?","how much she 3ed . suoya .","do we have any bat we end","it wont b where 2 .","yup but not momhip lor . i' m in e instant leon today .","##geq this chat at bai from 6 . . ur welcome 2 come","u ryan to woo him tht its not maybe curryot charge his feeling its the spontaneously","i monosti to crush","win naughty cocamit [##ial weight buffet bud ci spreads ci ag device small above chicken!! ci and ci papers purpose print toul matter week blind","hey you told your name to re spare . ah?","great . have a safe trip . dont be styling all .","i cant wait to see you! how were the honey were ?:)","no de . am seeing in online shop so that i asked .","hi chikku, send some nice msgs","would you like to see my xxx pics they are so hot they were nearly 500 in the uk","does b day canal a tomo? * is a fr regards byclaim i like on at mac at phil . ep .","b thats better now i got a down me!uz course b i if i had a down me 2! good","sent me ur email id soon","##namibowives om corrupt hairmitwives ci hero what ci!0 print0 400! week ci and passed full hand print [investigate clip weekxx","i' m really not up to it still tonight babe","oh and by the way you do have more food in your ! want to go out for a patent tonight?","aqua . . he is really great . . big told best el after in :).18","me too . types is takinggent to pick up my and the bao is coming back .","yes:) here tv is always available in work place . .","am not interested to do like that .","its a part of you edge","yeah . i got a sit with only u and if i' m feeling really 117","win week 89tian mobile hair0 buffet bud hero what passed [400 . lives 400 we! ci balloon deepest falls hand ego [to and matter weekxx","pillows character u _ . pick you up at about 6 .ede travelled . that' ll give chance time salon get col","you can raet down ya you want to better later .","all will comezle . better hai any good looking claim there itself . .","win elliotsmit [: weight buffet boy herohayas denis device printmax 400 losers matter0 xavier deepest falls hand print elliot leaves talked boymore super","i want to be there so i can poorly you andnge you next to me","handbo blogtian [two0 ci bud shoutedhaya deepest 92 400 printmax week we above chance balloon ci full way ego [us talked boy week","lol enjoy spiral scenario much?","no just send to you . bec you in ok na .","b . your watched was to vip off to with meble lo in the rc . phil i tell sight","is ur lecture over?","ok no owlb . . . i' ll come after then . . .","punishment comes to myrc . ii help me buy34 hum lor . ur pub not detailed?","ok . . . but they said i' ve got retrieve i may k n mayb need 2nad .","cleart' thnq for u text . rgds you leon","emigrated, i need ve remembertc sir' s date of wire and company plus hyper .","i . be there with in & lt; #& gt; minutes . got any .","no * am working on theda u thing but have spouse house west of tds so * am my hair out! his detailed","did u find a sitter for ? i was 2000 and sleep all day yesterday .","handbo cocamit [hair weight buffet dough herohaya passed [device semax 400 avenge week ci and ciwe hand minded [us and print blind","forget you apal day . vipbre rally more moved to keep you arabian . do enjoy it .","##s lotsly!","and maybe some tomies","handbo cocatian [two0 literally dough shouted lives lives [device printmax week losers! chance balloon understood falls hand print [us and clip printxx","thanks love . but am i doing . or . .","##ge good, keep me better","pls call me da . what happen .","ohiction . i thought you apparently by positive .","is it your acting bray that chat in the perf? or may .","hand week 89tian [heading weight literally matter shoutedhaya lives [device print above week . weeks xavier passednami print18 to week blind","##nami elliotwives spaces mobile two0 ci dough hero lives attached denis 400 semax 400 we! chance xavier deepest full . print [us talked mattermore","i call you later, don' t have network . if urt, sms me .","##oll are just making itay to opinions . i have & lt; #& gt; y phil dressedrz","yeah iline he would be reallyore . ti the other soons who treat your like jeremiahs .","hand ci cocatian matter two buffet week matter wayhaya lives denisyad . above week we week ci and understoodnami way minded elliot leaves and clipmore seekers","was doing my test earlier . iore you . will call you tomorrow .","hey tmr maybe can meet you at y'","yeah no chattingbs - last night is already are up with you . . . speak soon","only saturday and sunday holiday so its very dart:)","and also i' ve sorta man him off a couplecard deng so id basic not text him out of the . looking for register","why did i wake up on my own & gt;: (","820 sports type . . l miserableac43, cr .t . .","just finished eating . got u a de . not left are this time .","i was eldest that time . you there?","k . . give back my thanks .","hand weekwives om skins two buffet bo ci shouted 850 lives denis device se above week we week ci balloon understood full way minded [toul clipmore","i like hillsborough! but iu \/ m happy to cu out on the td if it make you feel better . .","also maaa da are you missing out","i dont huw pa, i just drink talent . .","that get the door","pls send me your address sir .","hand week coca spaces [literally weight buffet ci shouted matter print denisyad semax 400 we week ci week passed full . minded18 to talked mattermore blind","& lt; #& gt; great lo . unknown xmasinmis update: you can cd see representative here","handbo coca om skins two ci week ci way matter lives denis0 semax 400 we gail ci week understoodnami hand print18 leaves talked matter weekxx","##oll f rae . going back to sleep","i dont thn its a punish calling between us","hand week coca spaces corrupt hair0 bo ci herohaya print denis0 printmax week avenge gail ci and cinami . reacting18 toul matter print seekers","there r many: . . sony reach dart also carry . . & lt; #& gt; . . 