{"model":{"0":"whitebox"},"dataset":{"0":"spam_dnn"},"explanation_method":{"0":"counterfactualgan (top-3)"},"seed":{"0":0},"target_seed":{"0":0},"similarity":{"0":8.37},"similarity_std":{"0":8.7047745519},"repeats":{"0":0.0090625},"repeats_std":{"0":0.8160269603},"X_sim":{"0":[3,2,6,13,19,8,5,4,2,4,5,7,4,26,2,3,3,5,1,4,8,9,1,28,1,3,12,6,2,0,2,6,27,2,4,5,17,2,27,3,2,17,0,3,7,5,7,9,3,10,7,25,8,4,3,32,2,3,0,6,5,25,27,1,13,12,26,2,2,4,4,9,1,9,3,3,0,25,5,5,2,3,2,24,5,24,2,2,28,12,3,13,3,26,1,0,27,7,4,24]},"performance_measure":{"0":"F1-score"},"fidelity":{"0":0.0689655172},"training_time":{"0":6764.378082037},"inference_time":{"0":2.8996288776},"inference_time_per_text":{"0":[0.9111487865,0.9160346985,0.9126415253,0.1598038673]},"inference_time_per_text_2":{"0":[1.2106294632,1.218187809,1.170101881,1.1480565071,1.1693603992,1.2016084194,1.1856923103,1.1462538242,1.1638555527,1.1978616714,1.2035422325,1.1755950451,1.1638064384,1.1743354797,1.1948699951,1.1810519695,1.1637392044,1.1731383801,1.1840763092,1.1994447708,1.1767084599,1.1548194885,1.1637420654,1.1894762516,1.1885228157,1.170971632,1.1709721088,1.1898207664,1.2043924332,1.1704595089,1.1476905346,1.1584668159,1.1991581917,1.2254133224,0.9182932377,0.9025490284,0.903958559,0.9074587822,0.9053397179,0.9061248302,0.8935186863,0.8998363018,0.9112725258,0.9089918137,0.8979701996,0.9003489017,0.9172635078,0.9042634964,0.8997721672,0.8950197697,0.9132761955,0.909891367,0.9018864632,0.8965728283,0.9138753414,0.9191763401,0.9120841026,0.8962364197,0.9024858475,0.9197430611,0.9062492847,0.8966934681,0.8999817371,0.9092128277,0.8966736794,0.9303033352,0.8848667145,0.8948562145,0.8931744099,0.1555588245]},"counterfactuals":{"0":["haha get lots to you to usf man, i know a lot of land","arsenal . . . i now v hungry . . .","will do, you gonna be at 20' s all night? i be to get out of here azo","if we do have to get a boy we need toge our to & lt; #& gt \/ sight","hey no i a ni push 2 me","imifying 2 theoper with byt wasn u?","how much shetzed . better un bra .","do we have anyt number","it wont b until 2 . 20 as trying 2 85 house out, is that ok?","yup but not lor . i' m in e today .","membersq this chat at home from 6' . ur welcome 2 come","u to term him tht its not maybe mudotv his its the brought","i ryan long toda","win naughtywivesmit [valentine weight blankets ci ci spp ci agning print above 400 [above ci week ci papersfo print us talked matter week blind","hey you told your name to spare canceled ah?","great . have a drop trip . dont all .","i cant wait to see you! how the b were road?:)","no round . am in online so that inge .","hi chatu, send some nice msgs","risk you like to see my xxx pics they are so hot they concentrate in the uk!","mono plus drink stretch tomo? * is a fr relatives by getting i like on at at shared . .",", thats better now i got a down me! closing million b if i had a few down me 2!","sent me ur chat id soon","##encebowives omclaim valentine ci blankets bud ci passed print! [print lives passed [week ci o passed full hand minded losers investigate clip weekxx","i' m really not up to it still his babe","oh and by the way you do have more soon in your ! want to go out for a tonight?","yes . . he is really great . . bhah best after in : .18 to .","me too . register is 11 to pick up my and the is back .","yes:) here tv is many available in work . .","am not interested to do like that .","its a part of charge","yeah . i got a with only u and if i' really studies","references ad image 151 ceiling valentine weight buffet matter thrownmal lives [400 passedbo 400 we above ci laurie deepest falls chance minded us and week blind","erm u _ ill pick you up at about 6 . networkpm . that' ll give enough time to get there, and that .","you can eventtup things you want toora later .","all will comezle . better correct any good lookingtm there . .","friends . printmit [: the new boy and the25 staring musical play holiday mmm . passed or understood? ci? later talkedmore","i want to be there so i can you and ep you next to me","handbo coca om ceiling hairlika week bud cihaya lives denisning semax 400 we gm chance laurie passed full turning print [us and clip week","lol yi locks much?","no just send to you . bec you in andre .","bray . your plan was to go toa with medog a in the . so i","is ur lecture over?","ok no57b . . . i' ll come after then . . .","very to my mind . all help me buy34er lor . ur not 117?","ok . . . but they said i' ve got retrieve bat fans final n mayb need 2 .","##t' thnq for u text . rg dunn was","call, i need ve . sir' s remove of long and store & .","i . be there with in & lt; #& gt; . got any","no * am for on the u thing but have whole house dare of sits so * am my out!yr","did u find a coming 1 for ? i was b and chat all dayone .","handbo falls om [two ci buffet bud thrownhaya passed [extra semax 400 losers week ci and ci papers turningrang us and print blind","charge you abra day . babiesbox even more things to keep you credits . do it .","##s lotsport!","and someyr wife","##ence spp fallstian [valentine ci buffet bud ci 326 lives [##ning passedmax passed we above chance and ci falls hand print [leaves and clip obviously","thanks love . but am i doing or .","good,ov me reasonable","pls call me da . what happen .","oh punch . ihine you' ms .","is it yourccotones that chat in the perf? or fans .","win elliot 89ex [wal cical matter shouted 326 passed [[se above passedfold whom ci and ci papers print leaves personally clip master","winbo image om ceiling hairlika buffet boy thrownmal lives [##mit passedmax passedfold week chance week passed papers hand print [us talked clipmore blind","i call you later, don' t have network . if urt, sms me .","are just wonders it to pay back . i have & ; #& ;eve i can register back","yeah i where he would be reallyore . the othercards wholine they likes .","hand naughty image 0 [us weight bo bud thrownhaya passed peryad print above week we detailed ci4 understood falls hand full [ci matter weeke","was doing my who earlier . i fucked you . will call you tomorrow .","hey tmr maybe can meet you at y'","yeah no pro joanna - last night is up with you . . . speak soon","only cool and saturday holiday so its term .:)","and also i' ve weapona am him off a theycard recently so id fantasy not text him out of the lookingamp","why did i wake up on my kiss & gt;: (","forget bout yahoo . . l possibly fucked echo, cr .t . .","just finished you . got u a a . not paying this time .","ifc delivered that time . you there?","k . . give back my thanks .","handbowives omclaim hair buffet buyer bud thrown passed livesbbing [se above week we convert ci xavier passed falls chance minded us talked clipmore blind","i like cheap! but iu \/ m to apart out on the sit if it you feel . .","tome ma husband chad are you whom out","i dont frederickw pa, i just drink there . .","that get thech","pls send me your home? .","win river coca om arrow mobile iv bo matter thrownmal lives parkrang printmax 400fold matter . and ci full chance print investigate talked week","& lt; #& gt; great lobes xmas grandma sit update: you can see here","hand sppwives spacesclaim valentine weight buyer boy shoutedmalhaya denis choose sebo passed we above chance week deepest papers turning minded losers investigate talked print blind",". going back to sleep","i dont thrc its a . calling between us","win sppwives spaces [us weight week bud cihaya deepest denis [passedmax 400 losers matter chance week ci full chance minded [us personally matter week blind","there r many . . . balance . . & lt; #& ; . . it .","i ryan to obe","my is e in e weekends so i' m notdate w her . so 2 today t","call me, i am sent possibly from honey .","handbo image atlanta arrow mobile iv buffet matter shouted passed lives denis [passedbo 400 we aboves and deepest papers handrang [leaves talked clip week","there 2 & lt; #& gt; . is that yours","ok c i _ then .","beginsbo the spaces shadow mostly weight bo jett shadow convinced 