{"model":{"0":"whitebox"},"dataset":{"0":"spam_rf"},"explanation_method":{"0":"counterfactualgan (top-3)"},"seed":{"0":0},"target_seed":{"0":0},"similarity":{"0":7.27},"similarity_std":{"0":7.8228575342},"repeats":{"0":0.0096875},"repeats_std":{"0":0.8209141246},"X_sim":{"0":[3,4,5,8,23,6,4,3,2,6,6,6,3,9,3,3,2,4,2,2,7,12,3,24,0,4,9,5,0,0,2,5,25,6,1,3,13,2,27,3,1,23,1,1,8,5,4,7,2,8,5,26,6,3,2,26,2,2,1,5,3,8,22,1,15,11,13,3,1,2,1,10,2,8,2,1,0,21,3,4,2,3,2,19,7,21,2,3,27,11,1,23,2,23,0,0,25,7,2,23]},"performance_measure":{"0":"F1-score"},"fidelity":{"0":0.0666666667},"training_time":{"0":4652.0250618458},"inference_time":{"0":2.739972353},"inference_time_per_text":{"0":[0.8675379753,0.8559038639,0.8625667095,0.1539638042]},"inference_time_per_text_2":{"0":[0.894058466,0.8929231167,0.8802218437,0.8802697659,0.8821690083,0.8842139244,0.8777556419,0.8755531311,0.8829154968,0.8812279701,0.8725297451,0.8689191341,0.8790426254,0.8860440254,0.8784604073,0.8726181984,0.8840417862,0.8869206905,0.8732872009,0.8684289455,0.8752436638,0.8871228695,0.8739411831,0.87413311,0.8789460659,0.8848040104,0.8756043911,0.8735146523,0.877464056,0.8805229664,0.879950285,0.8826258183,0.8745763302,0.9129405022,0.8433561325,0.8482978344,0.8443329334,0.8388400078,0.8362908363,0.8446149826,0.8451707363,0.8388938904,0.8397681713,0.8530752659,0.846944809,0.8357877731,0.8359897137,0.8422629833,0.8444645405,0.847836256,0.8356540203,0.8483188152,0.848246336,0.8361091614,0.833445549,0.8374903202,0.8408172131,0.8417358398,0.8378353119,0.8383388519,0.8429777622,0.8412451744,0.836458683,0.8373057842,0.8381273746,0.8733198643,0.8392446041,0.8343455791,0.8432347775,0.1496422291]},"counterfactuals":{"0":["haha get wonders to driving to usf man, i know a lot ofrs","##jo . . . i now match hungry . . .","will do, you gonna be at measure' s all night? i be shot to get out of here a soon","yeah if we do have to get a boy we need to change our sen italian to taxi & lt; #& gt; \/ jay just","hey arsenal i hum sol vip surprised sut hillsborough 100 grandma detailed throat phil","##par im goin 2 the 54 with are wot retrieve u?","how much she caned . su . bra .","do we have any bat screw","it wont b until 2 . by as trying 2' house out, is that ok?","diningp but notpose lor . i' m in e . 100 today .",",q this chat at home from 6 say . ur welcome 2 come","u dressed to tell him tht its not now witot thirty his . its the 01","i phil mon to three","i' d like to tell you my purchase . call me prasad09464664 justp \/ min . to","hey you told your name to sunday claimam teach?","great . have a safe a . dont . styling all .","i cant wait to see you! how were the shi were road?:)","noch . am going in stream shop so that i asked .","hi chi chatu, send some nice msgs","would you like to see my xxx pics they are so hot they were misspar in the uk!","does wishes plus drinkssee tomo? * is a fr charge by problematic i like on at at mor . 30 .","##ge thats better now i got a down me! ia stressed b so if i had a few twiceshu me 2! 100","sent me uryr id a","speechlessbo coca atlantaclaim0 weight remainphonic shouted week deepest park device print performed shotfold convert ci week phil 4 hand print losers ciense week seekers","i' m really not up to it still tonight babe","oh and by the way you do have more to in your avoid! want to go out for a doctor figure?","yes . . he is really great . . bha b told best after in world:).18 register to get .","me too . i is problematic to pick up my . and the pain is six back .","yes:) here tv is always available in work place . .","am not interested to do like that .","its a part of wife a","yeah . i got a with only u and purchase if i' m right really happen experiment","friends weekwives atlanta skins hairlika buyerzo way 420 balloon [subject passed performed week thread above85 xavier ci week turning print [toul matter weekxx","##imem u _ ill pick you up at about 6 . addingpm . that' ll give enough time to get there, and salon .","you can shelft down things you want to remember later .","all will come64 . better correct any good looking what there itself . .","sms . ac sp gives: the new famousora and the25 red through play holiday gives . reply or joanna? end? reply endar games","i want to be there so i can . you and 84 you next to me","lounge cupboard blog atlanta mobile wal weight literallyzo . mt attached denis colleagues print pl 400fold week week week ci full summer print [anniversary talked matter simpsonsxx","lol enjoywith play much?","no just send to you . bec you in na .","##ge . your process forgot to go footlin to34 hum with mebara a in . stressed i difficult","is ur nurses over?","ok no prob . . . i' ll come after then . . .","cbe very to my forgot . sit help me buy moleuing lor . urest not 117?","ok . . . but they said i' ve got ap orchard wa immediately n mayb need 2 .","cleart' thnq for u text . rgds difference smoking","sir, i need ve moment sir' s date of father and storelor .","i . be there with in & lt; #& gt; minutes . got any vet","no * am working on the profit u thing but have land house road of .s so * am my hair out! u","did u find a sit we for ? i was and sen all day yesterday .","win ur games turning ceiling apps weight weekzo cihaya passed [##ning fieldmax week biggest sep0 balloon and .cal colin elliot us and clip pack","claim you a beautiful day . processed eldest even more things to keep youport . do enjoy it .","##s lotsly!","and maybe someyr smoked","seeds ad cocaex [two broke week bud way bug passed smartning passed pl 400 thread convert buyer balloon . 4 handzo [us and mattermorexx","thanks love . but am i doing detailed or .","good, keep me 14th","pls call me da . what where .","oh ike . i thought yougent .","is it your nokia the that bring in the perf? or this .","are you wheresil? find out from veryora . www . are you performed . . co . uk","seeds ur games spaces win support0 literally0 dice mt passed [tx semax 400 to week00 .wecal masked ceiling us personally clip pack","i call you later, don' t have network . if urt, sms me .","they are justyr ityr toore back . i have & lt; #& gt; 84 to charge i","yeah i . he be really . . the relativess who disc your likeores .","bray: you have not the content you have already for . gotolle: \/\/t . my18 .ge","was doing my you mouth . i enjoy you . will call you tomorrow .","hey tmr maybe can meet you at y","yeah no probs - last night is already chile up with you . . . speak soon","only saturday and sunday holiday so its very dart:)","and also i' veithaa of me off a they relatives categories so not text him out of the blue looking for","why did i wake up on mysch & gt;: (",",: type . . l could fucked f, cr failedt . .","just finished eating . got u a del . not left this time .","i was delivered that time . you there?","k . . give back my thanks .","urgent cupboard coca call matter0 450 remain bud way mtouk denisyad sebo week we week0 balloonbuswe turning minded18 us and clip simpsons seekers","i like award! but iu \/ m happy to iraq out on the even if it makes you feel better . .","also ma moviesfu are youce out","i dont huw pa, i just drink hostel . .","thatdi get the a","pls send me your home .","win naughty! would your sending cical bud call victoria deepest payingning se? call 09 week ci0 ci fullcalzo [anniversary and boy .","& lt; #& gt; great lo iraqbes arrested xmasxi left update: you can trial see mother here","winbowives turningclaim apps weight bo boy way blessoukictem passed dollars week biggest above0 week ci paperscal print18wives talked boy simpsons blind","info stop . going back to sleep","i dont thord its a vip calls between us","winbo games spaces matter valentine weight literally pic!hayaouk [choose se above weekfold sep ci and and full chance minded [us personally clip week","there r many . . . possibly intelligentlinyse su . . & lt; #& gt; . . it falling1418 dare","i went to project tolerance","day months is may smoked stream ke so su'ward not hillsborough 100 122 . detailed4 phil 2 in \"",