{"model":{"0":"whitebox"},"dataset":{"0":"spam_dnn"},"explanation_method":{"0":"counterfactualgan (top-3)"},"seed":{"0":0},"target_seed":{"0":0},"similarity":{"0":8.91},"similarity_std":{"0":8.3175657497},"repeats":{"0":0.00875},"repeats_std":{"0":0.7626270386},"X_sim":{"0":[3,4,6,20,19,6,4,3,6,5,5,8,3,26,3,4,4,4,3,7,11,12,0,25,1,6,13,7,4,0,3,7,24,14,3,6,18,3,27,3,4,17,1,4,8,6,5,9,3,11,7,24,6,2,1,26,4,3,0,5,6,19,24,3,12,9,27,3,2,3,3,10,3,8,4,3,1,29,6,7,3,3,1,29,9,25,6,6,25,12,4,13,4,28,1,1,26,8,4,25]},"performance_measure":{"0":"F1-score"},"fidelity":{"0":0.0689655172},"training_time":{"0":6704.9840521812},"inference_time":{"0":3.0861570835},"inference_time_per_text":{"0":[0.979789257,0.9794979095,0.9583313465,0.1685385704]},"inference_time_per_text_2":{"0":[1.2077059746,1.2177739143,1.1850123405,1.1975858212,1.1606471539,1.1550855637,1.1610510349,1.1890888214,1.1772596836,1.1694829464,1.1543424129,1.2020471096,1.1970114708,1.1634058952,1.1600503922,1.1863467693,1.1958510876,1.1589610577,1.1452906132,1.1752007008,1.1937248707,1.1768193245,1.1689097881,1.1732702255,1.1878364086,1.177372694,1.1479437351,1.1661369801,1.1761028767,1.1922297478,1.1602845192,1.1701657772,1.1762256622,1.2095544338,0.9415531158,0.9481008053,0.9626247883,0.9464938641,0.9361863136,0.9534525871,0.9484450817,0.9509744644,0.9260146618,0.9386305809,0.9583144188,0.9496564865,0.936224699,0.9360935688,0.9566738605,0.9476149082,0.9461042881,0.9389154911,0.956631422,0.9446680546,0.9477095604,0.9340181351,0.9399557114,0.9481322765,0.9396958351,0.963612318,0.9401159286,0.9556992054,0.949485302,0.9600081444,0.9368393421,0.9703872204,0.9484834671,0.9578933716,0.937994957,0.1641967297]},"counterfactuals":{"0":["haad get m to driving to usf man, i know a lot of landr","sorry onto . . . i now foot 39 . . .","will do, you gonna be at enjoy' s all night? i might be tiger to get out of course ame","##ge if we shelf obe to get enjoy 39 m317 need to skip our cutter day & lt; #& gt \/yr shu","hey no i errors ame flew intelligentling balance retrieve 2 spoiled possiblyjan u u","respectful im54 2 the m2fc with locations wot mach u?","how much she shelfed . five long 39 .","do we have any acknowledge number","it wont b 2 . tax functions trying 2 detailed border out, is that ?","yup but not ryanicer . i' m in e today .","secondarybo thiscco at number from 6 . ur welcome 2 come","u mono to sit him tht its not search mach lavender register his mentioned its the healer","i basically mon to et","begins naughtywivesmit [valentine weight ci expired deepest spp deepest denisning print above 400 89 above ci week ci leaves purpose print leaves talked blind week blind","hey you told your prepare to flew description?","great . have a room sit . dont purchase all .","i cant wait to see you! how the are ?:)","no short . amor in online come so that i asked .","hi fallingkku, send some msport","trusting you like to see mytcx pics they are so they tiger 89 in the uk!","does cricket few errors punishment locationso? * is a fr forget by i like on at mobile at whom . goodnight .18","ds thats better now i got a5 me! ia malaria b so if i had a few trash me 2! goodwu","sent me ur email id soon","goinbowives omclaim hair ci buyer expired deepest passed deepest! hands print pl passed 89lla ci o passed full hand print losers investigate losers weekxx","i' m holding not up to it still tonight babe","begins and by the way you do have more stories in your ! want to go out for asch?","yes . . he is really great . . tapeha an best in : .18 famous get .","me too . revealed is take falling to up my push and the worries is dark back .","enjoyed:) here mob is always jogging in place . .","am not interested to do like that .","its a guessed of charge","yeah . i got ayr with only u and purchase if i' mport really means","begins adwivestian ceiling hairlika buyerzo wayhaya deepest [[smallmax ground losers week ciful ci leaves hand minded [us talked matter week hen","lickm u _ hearted pick you up at shorts event .bbingyad . that' sa dance ci impression famous get there tell that .","you can eventt obe things you want to pillows later .","all will come justify . betterwd any good ave nights there . .","sms . nervous spja: the new bud week and the25 hands small play 400 mmm . cinami ci? ? low talked matter pack","i want to be there so i can' you and ep you oil to me","winbo coca om corrupt hairlika week bud deepest impression lives denisning se pic 400 89 buyer chance xavier passed full purpose great elliot us and losers week","lol necessarily locks play much?","no just send to you . be boss you in membership .","hello . your balance rally to goge | to filleda with me doi a gt in the cd . so i tell day","is ur bat over?","ok no tyroneb . . . i' ll comeire then . . .","birds comes to mysch . flew help me em34uing lor . ur accounting not talk?","ok . . . but they tell i' ve got retrieve 09 from in n mayb need 2 .","##t' thnq possibly for u text . rgds vc","sir, i need ve painting rport' s remove of 20 and storeyse grandma .","ioz be there with in & lt; #& gt; minutes . got any","no * am 0 on thefc u thing but have necessary housebra of creditss so * am my out! u racing","did u find a sit sit for ? i was pp andpo all day ahmad .","winbo falls8 ceilingrang weight weekzo deepesthaya passed [[fieldcal week groundlla week xavier deepest leaves handrang [us and losersmore","31 you a sexy day . exhausted sit even more things to keep you credits . do enjoy it .","chapters regardsly!","and maybe some ramadies","seekers begins adwivesmit [hair weight week bud shouted spp passed denisning field pic 400 losers buyer chance xavier deepest full print leaves and mattermore blind","thanks sexual . but am i possibly term or .","b good, sit me sit","pls call me da . what happen .","oh ur . i thought yougent enjoy' .","is it your gladtones that sit in the per ke? or dangerous .","winbo image om ceiling heading weight weekzo deepest answers lives [handsian town passed . hai .ful passed nik ear","begins naughty falls om ceiling mostlylika buyer phone thrown passed lives!cap fieldmax passedfold week chanceful passed falls print [leaves talked losersmorexx","i call you later, don' t have latest . if urt, before me .","they are just sit it battery to reflex . i have & lt; #& andre; bold to tell i can back locations","yeah i thursday he would be really prince . the other relativess who sit they 89 likes .","begins river you om ceiling hair weight week bud way passed lives denis choose print credits passedfold saturday ci river passed full chance great18 us talkedclaim ci blind","was doing my sit earlier . i reflex you . will call you skinny .","hey tmr maybe can meet you at enjoy mac","yeah no kickoffddled - last night is nowadays up with you . . . speak soon","only saturday and sit holiday so its reflex dart:)","and also i' ve 99a go him off a gorgeousjo spouse so tiger not text him out of the looking hail","why did icco up on my appendix & gt;: (","italian kin . . memories let fucked towards, crfint . .","just cricket channel . got u a . not priscilla this time .","iad posts that time . you there?","k . . errors back my thanks .","seekers win naughty coca spaces ceiling valentine receipt buyer bud deepest turning lives denis hands se dun week 89 saturday ciful passed full hand print elliot us and losersmore","i like necessarily! but iu \/ m happy to entry out on the sit if it dial you feelbbing . .","##ig ma where shelf are you out","i dont simplew pa, i just dodge outreach . .","that months get thech","pls send me your home sir .","begins ad coca om ceiling hair ci buyer matter shouted turning lives denisning print pic 400fold saturday week week ci full chance minded [investigate talked matter week blind","& lt; #& gt; great lo during purchase del xmas shan credits instructions: you can see suffer here","great naughtywives burn corruptrang weight buyer matter shoutedmalhaya [##ning print dun passed we above chanceful deepest falls purpose minded18wives talked 