{"model":{"0":"whitebox"},"dataset":{"0":"spam_rf"},"explanation_method":{"0":"counterfactualgan (top-3)"},"seed":{"0":0},"target_seed":{"0":0},"similarity":{"0":8.31},"similarity_std":{"0":8.4695867668},"repeats":{"0":0.0090625},"repeats_std":{"0":0.7654410493},"X_sim":{"0":[3,4,5,15,21,7,4,3,2,4,9,8,2,25,4,5,3,4,2,5,10,15,1,24,0,4,15,8,1,1,4,5,29,3,3,3,12,3,25,3,2,13,0,4,11,6,4,11,1,11,4,27,8,3,1,28,3,5,4,4,3,25,27,1,9,10,25,1,2,4,0,9,1,9,5,2,2,26,4,3,3,1,2,26,8,22,5,3,24,10,3,16,2,26,1,0,26,5,3,23]},"performance_measure":{"0":"F1-score"},"fidelity":{"0":0.0689655172},"training_time":{"0":4627.6047120094},"inference_time":{"0":2.7650322914},"inference_time_per_text":{"0":[0.8635287285,0.8635795116,0.8785934448,0.1593306065]},"inference_time_per_text_2":{"0":[0.8911671638,0.8897612095,0.887969017,0.8869361877,0.8846590519,0.8851099014,0.8879745007,0.8919975758,0.8767733574,0.8866839409,0.8804655075,0.8862450123,0.8811864853,0.8777163029,0.8785037994,0.8822114468,0.8788995743,0.8806960583,0.8767380714,0.8868589401,0.879212141,0.8775894642,0.8768467903,0.878221035,0.8783686161,0.875649929,0.8827478886,0.8823006153,0.8827972412,0.8818533421,0.8838663101,0.8814790249,0.8795492649,0.9127452374,0.857843399,0.8525078297,0.8605568409,0.8503870964,0.8573212624,0.8508799076,0.8491818905,0.8395652771,0.8387496471,0.8555083275,0.8508224487,0.8347327709,0.8381357193,0.845785141,0.8445060253,0.8497712612,0.846527338,0.855836153,0.8475925922,0.8429603577,0.8349750042,0.8462350368,0.8495602608,0.8486247063,0.8379216194,0.843290329,0.8541288376,0.849922657,0.8437509537,0.8345396519,0.8438065052,0.8803164959,0.8345718384,0.8417305946,0.8582861423,0.1551296711]},"counterfactuals":{"0":["haha get stairs to driving to usf man, i know a lot of ink cook","arsenal . . . i now tariffs . . .","will do, you gonna be at 20' s all night? i might be to get out of here a200","yeah if we do have to get a 39fu we . toge ourweek to detailed & lt; #& gt \/17","hey arsenal i may id sol compulsory purchase57' 2san me u rc 39 rich","000 im reply 2 the known ned with worms genest ms u?","how much shefued . log .ya .","do we have any acknowledge course","it wont b until 2 . 20 as trying 2 . house out, is that ok?","yup but not mom38 lor . i' m in e ni today .","##ge ryan this chat at fromore worms . ur moved 2 come","u tolor him tht its not witotward his . its the gorgeous","i falling shell to facebook","win elliot cocamit to housing weight buffet ci shoutedhaya ci 92 applying passed above coca!! ci and ci fallsfo print to talked matter weekrite","hey you told your name tojas ke . teach?","great . have afussed . dont purchase all .","i cant wait to see you! how were thew were goal?:)","latest short . am id in online so that i asked .","hige happenu, send some nice msgs","would you like to see mytc pics arsenal are so hot they were lejan in the uk!","cbe plus errors reflex tomo? * is a fr relatives by i like on atward at phil . goal .","##ge that sculpture better now i got a down me!uzev b if i had a trash me 2 100","sent me ur email id better","roomsbowives shoutedclaim hair cirun ci hero passed ci! device print performed week wella ci and passed full all print18 investigate and clip weekxx","i' m really not up to it still tonight babe","oh and by the way you do have more in your 20! want to go out for a4 tonight?","yes . . he is really great . . bha bh grandma best figure hitler in world .18 register grandma","me too .fu is feels b to nowadays up my and the coming back .","yes:) here saturday is always available in work place . .","am not forever to do like that .","its ach of id","yeah . i got a with only u and if i' m sit really 125","##encebo coca atlanta mobile housing buffet buffetzo wayhaya deepest [defeat passed owl? losers above ci xavier ci falls way print [to talked matter week to","erm u _ ill pick you up at about 6 . kindapm . that' ll give enough time to get there, and surprised .","you can punishmentt obe things you want to remember discount .","all will come64 . better correct any good looking figure there theatre . .","sms . nuclear spjo: the new | latest and thewardnt you play holiday . correct or phil? end? reply end grandma","i want to be there so i can you and mid you mummy to me","favourite elliot games upgrade is wal to se bud . choose get arisesmit smallmax 400mit tos performed ci to purpose print [us talked matter25xx","lol enjoyfu much?","no just send to you . bec you in dare .","winner . your plan was to go advance off to34a with me dai a in the world . so i to 39","is ur lecture over?","ok noggerb . . . i' ll come .ward then . . .","##ook symbol to myrc . middle help me categories34uing lor . ur answer not detailed?","ok . . . but they said i' ve got57 age thus his n mayb need 2 m3 .","lovingt' thnq b for u text . rgds va playing","000, i need ve remember . kingdom' s date of wire andama . twins justify .","i wil be there with in & lt; #& gt; minutes . got any .","no * am work on the b u thing but haveline house register of tds so * am my out! surprised","did u find a sitr for ? i was royal and stairs all day yesterday .","win elliot image turning ci wal weight week matter shoutedhaya passed [defeat .max week we gail chance balloon passed full performed minded [to and clip250","b you avar day . each vip mach even more . to keep youbu . do enjoy it .","##s lotsly!","and maybe some presidenttalk","##ence river cocatian [housing weight ci ci wayhaya passed denis device passed pl gm threadcr chance xavier passed full way print us and matter25 blind","thanks sucker . but am i doing arsenal or term .","##ge good, keep meeem","##ces call me da . what where .","oh mono . i thought you jana .","is it your hum that bring in the perf? or may .","hand elliot 89 atlanta ci heading out nichols bud wayhaya added [above bend aboveoat losers gail ci and advisorsoat print to coca matter week to","po ur coca turning ci two0 ci ci shoutedhaya deepest per device print pl 400 we above chance games passed full way print [us talked matter pack0","i call you later, don' t have network . if urt, sms me .","they be just almost it vip to vip back . i have & lt; #& gt; y4 to say i can dare back . sight","yeah i elvis he would be really stairs . smith thephones who treat your stereo likeores .","##ence river you om window us the se jett waymal deepest peryad field chanceoat ci x ci gamest . purpose above18 to and clip25 lady","was doing my test earlier . i fucked you . will call you tomorrow .","hey tmr maybe can meet you at y fantastic","yeah no slicebs - last night isaypod up with you . . . speak soon","only saturday and sunday holiday so its very difficult:)","and idiot i' ve weapona pleas him off a they times wow so id fantasy not text him out of the looking","why did i wake up on my newport & gt;: (","just furniture rae . . sen damn touched grandma, cr .t . .","just doing eat . got u a . not left cu this time .","i mono depends that time . you there?",". . give back my caroline .","##ence ci coca8 [housing ci blankets ci wayhayahaya denis courtroom semax week we above chance balloon ci falls chance minded18 to and matter25xx","i likecy! but iu \/ m happy to off out on the sol if it makes you feel better . .","also donate gonnafu are you anymore out","i dont frederickw pa, i just hail yep . .","that means get the t","charges me your address sir .","##ence river coca upgrade ruining housing iv se matter shoutedmal attached per applying printmaxoatfoldlla0 and ci full chance print [investigate talked boy week","& lt; #& gt; great lo daward . xmas ec au update: you canpage see stool here","winbo coca8claim cliffs weight ci matter hero 850haya per courtroom passedmax 400 we! chance week deepest papers purpose print18 investigate and boy25rite","##work f stop . going back to sleep","i dont th you its a ok calling between us","win river coca atlantaclaim cliffs weight ci ci hero 326haya 92 device print pl 400with gail ci and cinami way minded18 to talked matter printrite","there r many 