{"model":{"0":"whitebox"},"dataset":{"0":"spam_rf"},"explanation_method":{"0":"counterfactualgan (top-3)"},"seed":{"0":0},"target_seed":{"0":0},"similarity":{"0":7.16},"similarity_std":{"0":7.6664463736},"repeats":{"0":0.01125},"repeats_std":{"0":0.7654410493},"X_sim":{"0":[3,3,5,10,13,7,3,4,2,4,5,7,3,24,4,3,3,3,2,2,12,8,1,24,0,4,5,7,1,0,2,4,26,3,2,4,16,2,26,3,2,6,1,0,6,6,6,8,2,9,6,25,8,2,2,28,3,2,1,6,4,10,26,1,6,10,15,2,3,3,3,6,1,7,4,1,1,22,3,6,3,1,3,26,6,23,3,2,21,10,2,7,3,24,1,0,25,6,4,23]},"performance_measure":{"0":"F1-score"},"fidelity":{"0":0.0677966102},"training_time":{"0":6755.4777183533},"inference_time":{"0":3.0465898514},"inference_time_per_text":{"0":[0.9633584023,0.9428212643,0.9664475918,0.1739625931]},"inference_time_per_text_2":{"0":[1.2564907074,1.2204113007,1.2062940598,1.1976625919,1.1858308315,1.1950619221,1.2060060501,1.1973247528,1.1805372238,1.1896276474,1.1874549389,1.2010996342,1.1969017982,1.186191082,1.1891360283,1.1948525906,1.2028346062,1.1813950539,1.1776735783,1.1922774315,1.2150213718,1.1911194324,1.1687147617,1.1922512054,1.2117655277,1.1982607841,1.1700353622,1.1775479317,1.2208015919,1.2110569477,1.1751356125,1.1651008129,1.2129547596,1.2732672691,0.9442689419,0.9339590073,0.9343075752,0.9257411957,0.9433097839,0.9298131466,0.9306967258,0.9254422188,0.9375693798,0.9377236366,0.9403791428,0.9243674278,0.9400954247,0.9449932575,0.9407522678,0.9273734093,0.9225215912,0.9524893761,0.9377818108,0.9256753922,0.917797327,0.9442176819,0.9324169159,0.9288640022,0.9238426685,0.9346795082,0.950807333,0.9315993786,0.9175276756,0.9311892986,0.942699194,0.9509999752,0.9352447987,0.9201130867,0.9455678463,0.1695075035]},"counterfactuals":{"0":["haha get use to you to usf man, i know a lot of theyr","sorry enjoy . . . i now v weapon . . .","will do, you gonna be at buyer' s all night? i might be tiger to get out of here azo","yeah if we do have to get a bai french we need to errors our social justify to less & lt; #& gt; \/ suffer lips","hey no i breath agentte was prasad sore apart southern 2 back back with me u yuch! thanx but u wait weigh n","call imshu 2 the acoper with dartt wasn u?","how much she payed . su un . .","do we have anyeloix","it wont b until 2 . 20 as trying 2 weapon house out, is that ok?","yup but not dumb lor . i' m in e during regards today .","riskq thisov at mine from 6 u . ur welcome 2 come","uone to revealed him tht its not push witot starring his beverage its the healer","i mono mon to sg","beginsbo delay turningclaimrangmmycalzo way celebratehaya denisning se above 400fold valentine week xavier ci falls manchester minded elliotcl talked now week radio","hey you know your name to re spaream teach?","great . have a safe sit . dont styling all .","i cant acknowledge to see you! how were the del were happy?:)","no de . am 140 in onlinen so that i asked .","higekku, send some nice msgs","would you like to see my xxx pics they are so hot they were followed cool in the uk!","did: leading errors 85 tomo? * is a fr relatives by passion i like on athul at whom .ime .","b thats better now i got a repeat down me! ia: b punch if i had a xavier: down me 2! good ?","sent me ur register id soon","begins naughty coca omclaim hair receipt weekzo way passedhaya denis naughty small0 anyonefold above ciful ci macedonia manchester minded [investigate and matter weekxx","i' m really not up to it still tonight babe","oh and by the way you do have more food in your ! want to go out for a:2?","yes . . he is really great . . bhaji told was best . afterh in world:). very register to get out.","me too .ai is take re to pick up my . and the you is live back .","yes:) here tv is always jogging in work place . .","am not interested to do like that .","its a part of charge battery","yeah . i got a strike with only u and retrieve if i' m feeling really print","win - falls om [##rang receipt literally budaa anyaa0 [print possession 400 thread valentine research and ci: \/zo elliot .ul mattermore master","erm u _ ill pick you up at about 6 .tionspm . that' ll give enough time to get there, [and that .","you can realt down things you want to stories later .","all will come justify . better hai any good looking what there . .","sms . print sp feels: the new c urgent and the258 count play scenariorow .il or event? end? reply end sp tax","i want to be there so i can . you and ep you next to me","win naughty fallsex 2006rang to laborzo . impression minded the defeat passedcal anyone knowing to week and ci to settled minded [##cl talked matter strangexx","lol enjoyuts play much?","no just send to you . bec you in respectfulren .",". your plan was to go reflex off to filleda with me essential a care in the world . so i have to live with your now day","is ur tease over?","ok no prob . . . i' ll come after lunch then . . .","day very to my mind . help me buy stooler lor . ur camera not ryan?","ok . . . but they said i' ve gotuts essential mn n mayb need 2 .","##gentt' thnq adrian for u text . rg dunn mmmport","sir, i need veja r sir' s remove of 20 and store block justify .","i scream be there with in & lt; #& gt; minutes . got any","no * am work on the sunday u thing but have whole house stretch of guaranteeds so * am my out! u","did u find a sitr forse? i was . andpo all day yesterday .","win ur delay to ceiling po weight weekzo cihaya passed [week passed performed week [valentine chance balloon and falls handrang elliot leaves and clipmore radio","wish you a revealed day . every enjoy nowadays even more things to keep you stop . donow it .","dis thely!","and maybe some dick this","##ence naughty delayex [##rangmmy buffet budaahayahaya [##ning passed performed anyone [above chance and cicher print elliot anniversary and clipmorexx","thanks love . but am i doingson or latest .","sat good, keep me dressed","pls call me da . what didn .","ohler . i you you shouldn clean stories .","is it your deertones that scotland in the perf? or who .","are you 78 enough?it out from expired week . having . are town so 54 . berg . uk","begins naughty gamesex ceiling valentinelika buffetzoaa celebrate mobile [##tem field performed anyone to saturday chance week . choose hand print ceilingcl choose deepestmorexx","i call you later, don' t have network . if urt, sms me .","they are just running it bai to shah back . i have & lt; #& gt; ymes to say but i can: back . you","yeah i staying he would be really quite . the othercards who register they ryan likes .","begins: you have notit the records you have promisestor for . goto 400: \/\/4t . my above elliot . choose \/moreox","was doing my breath earlier . i reflex you . will call you tomorrow .","hey tmr ultimate can meet you at y register","yeah no selectioninda - last night is 1 up with you . . . speak soon","only saturday and placed holiday so its reflex .:)","and also i' ve batterya of him off a gorgeous times wear so id 350 not text him out of the blue looking for","why did i wake up on my s & gt;: (","just: kin . . l b fuckedong, crfint . .","just done seven . got u a service . not paying this time .","i was 145 that time . you there?","k . . revealed back my thanks .","begins naughtywives turning [hair receiptcal bud way 850hayathaltem print0 anyone [above chance balloon cicher turning mindedthal leaves and mattermore hen","i like silence! but iu \/ m happy to entry out on the: if it makes you feel better . .","make ma movies locks are yougent out","i dont watw pa, i just shorts outreach . .","that means get the prepare","pls send me yourix aqua .","win naughty! om the valentine receipt reminding budaa mobile deepestbbingning print above week biggest saturday ci week ci falls handzo [leaves and now week master","& lt; #& gt; great loysebes pool xmas gets right update: you can just see suffer here","greatbo games omclaim mobilemmy week bud way mobile mobile denisning se performed anyone [valentine ci and andnami turning timthalcl personally matter weekxx","begins celebrations stop . going back to sleep","i 