{"model":{"0":"whitebox"},"dataset":{"0":"spam_rf"},"explanation_method":{"0":"counterfactualgan (top-3)"},"seed":{"0":0},"target_seed":{"0":0},"similarity":{"0":8.57},"similarity_std":{"0":6.1404478664},"repeats":{"0":0.0109375},"repeats_std":{"0":0.9836157786},"X_sim":{"0":[8,4,10,21,22,7,4,4,4,6,8,9,3,21,5,5,6,7,4,7,11,12,1,22,1,4,15,6,3,1,4,8,11,6,5,9,16,4,19,3,3,15,3,3,9,5,6,11,2,10,7,19,10,3,3,22,4,4,3,8,6,10,19,6,15,11,18,4,3,7,4,16,6,9,6,2,2,20,10,4,5,2,4,19,8,22,4,7,22,14,3,16,3,20,3,1,19,8,8,15]},"performance_measure":{"0":"F1-score"},"fidelity":{"0":0.1612903226},"training_time":{"0":4641.3577203751},"inference_time":{"0":2.8240902424},"inference_time_per_text":{"0":[0.8915290833,0.885068655,0.8876457214,0.1598467827]},"inference_time_per_text_2":{"0":[0.8933115005,0.8913526535,0.8867602348,0.8833754063,0.8875854015,0.8849089146,0.9009540081,0.8837072849,0.8885986805,0.882370472,0.8883657455,0.8886721134,0.8776531219,0.8864896297,0.8880848885,0.8852436543,0.8810529709,0.8847563267,0.88778615,0.8863501549,0.8820371628,0.8840742111,0.8857631683,0.8825266361,0.88722682,0.8829195499,0.8866298199,0.8856568336,0.8893065453,0.8788292408,0.8815076351,0.8871791363,0.8894515038,0.9131681919,0.8647625446,0.8683338165,0.8627371788,0.8544633389,0.8621704578,0.86627841,0.8580746651,0.860884428,0.8611302376,0.8663058281,0.856621027,0.8597524166,0.8682665825,0.8590159416,0.8556442261,0.8663873672,0.8604228497,0.8583247662,0.863976717,0.8670303822,0.8607878685,0.8600213528,0.8640153408,0.8618383408,0.8615415096,0.8626065254,0.8695492744,0.8689265251,0.8651518822,0.8647656441,0.8601434231,0.8910460472,0.8623793125,0.8635115623,0.8673183918,0.1554887295]},"counterfactuals":{"0":["haad get errors toant to opinionsf almost, i know a of theyr","water re . . . i now drops 40 . . .","will do, youor be at buyer' s all night? i il be 122 to get out of installing axx","count if we om ka grab getrun repeat telling ob need to andrews print credits ashes to whom & lt; 4 & gt registerorro weekxx","references felt parent sunday a back budget drops entire cikaranami items 2 http private week me hides mobile ci back! minded low u weigh","tones im lecture 2 the batteryk withatt memberst dirty u?","how much she georgeed . iv . pocket .","do we have anyrc course","it wont b hearted 2 . dumb as trying 2 ve relatives out, is that ok?","yu vehicle but not trips battery lor . i' m in e 72 today .","secondary laundry thiscco atweek from 6 . . urire 2 come","u com to tell pen tht its not storiescked spouse starring his . its 89","i skye blog to sg","things bellyclaim om to heading you dropsnamiaanami mobile relatives hands http0cor ship saturday ci ci available reminding \/ blind week call","hey you know your prepare toinestha pillows?","great . have aj . dont eat paragraph all .","i cantaround to see you! were the companion starring .?:)","begins basically . amric in disagreetha so that i . .","hi . blogho, send some . msenter","will you like to see myozax pics they are so hot ct smokingjan in the uk!","ds . plus errors hearted momento? * is a fr relatives by i like on at gold at screamed .ime .","begins thats better now i got a repeat father me! reaction sport mean better if i a incredible ci down me 2 ?","sent me ur revealed id soon","##anu! cocaaq 09 valentinevr intelligent suppliersaanami from a: guessnami ap 89 hides mobile oraa summer mindedclaim radio famous","i' m bored not up to it still tonight babe","oh and by the this you do have more low in your god! want to go out for a zero tonight?","transferred . . u is really great . . bha . nik every . best week . maybe xavier in back:). .: to deepest out.","me too . revealed is lost sat to pick up my . and the . is back .","yes:) convincing tolerance is always scotland in work place . .","am not guild to do like that .","its aport of prepare","yeah . i got a withso u andr if i' m purse really duringgating","helen - fallssterj instantly7797 whatire09 how credits? by for your ak http:\/\/ . . com","chatm u _or pick you up | about 6 . regardspm . that' ll give enough time to get there, and that .","you can youtric buyer you want to father sac .","all will come justify .fcional someplace good telling filled theret . .","sms . nervous sp mom: the new every almost and the relatives courtroom . play prediction mmm .: or ci? au? replywu","i idiot to be there so i can . you and mobile you quoting to me","ukcode ring tight is valentine to laborzo . filled text relatives defeat \\ credits \\ \" to mobile: ci to settled . leaves and week 85","lol enjoyub coming much?","no mono send to you . bec you in messagesire .","##anu . your8 was to go drops off to 72a with me essential a care in the . . confirm i in live your 39 day","is urport tight?","ok no rocksb . . . i' ll come aftervd then . . .","sweetheartbo to myrc . ii help me buyig hui lor . ur struggling notgating?","ok . . . but they said i' ve got retrieve bat secret . n mayb need 2 .","beginst' continuen number quick for u text . rgds again smoking","begins, i tight wednesday moment ci sir' s 32 of died and store th bored .","i donate be there with in & lt; #& gt; minutes . got any","no * am one on the sat u thing but have ur house oil of creditss so * am my out! u","did u find a chatix fortha? i wasire and: all day today .","for ur falls to ceiling valentine apslingaa cash every [##k txt: ship valentine: fantasies ci . t print s weapon obviously","hesitant you aster day . every tablets repeat you more . to keep you chat . do it .","dots 125 theatre!","and surely somemeor","references ur intoster ceiling valentine ci buyerlee ci cha entry paying the . multimedia week 89 whom8 cinami & wwwclaimbs","thanks love . but am iwat quarter or latest .","island good, laughing menx","realitys call me id . what come .","ohands . ione youittha 0 .","is it yourster hearted that bring in the per filled? or: .","are you . truth? grab out from . . www . are offering me . detailed .","win ur chance sounding corrupt ap loungecal0 famous filled mindedk txt: department to saturday mobile0 . sheetswu obviously.","i call you8, don' t have latest . if ur sunshinet, before me .","they . just george it den todara back . i have & lt; #& ; mobile . stop .more on back . poured","yeah i ava herc be really . . shorts the slower starrings who your like cis .","begins: you have notit the macedonia you have filledire further . got credits http healer \/ ci backt . my post18 . \/more","was doing myster col . i fucked you . will call you tomorrow .","hey tmrric can meet you at yourite","begins no rocks tight - last night is .38 up with you . . . longer 89","only evening and george holiday so its tablets repeat:)","and stone i'j 99 4 blind outdoors members a blowing few maybe sosts 122 not text out of the looking for","why did icco up on mytha & zebra;: nik","hesitant italian yahoo . . l wal you functions, paragraph gavet . .","just cricketport .rta u a prince . not paying this time .","i transactionport that time . you there?","tones . . revealed back my thanks .","urgent bellywives8 09 headingvr blind expired membersaa mobile nik choose disturb . wees saturday0 cash ci a au mindedthal: blindmorexx","i likekan! obe iu \/ m to entry out on the credits if it youbbing . .","also afterwards yahoo errors are you faster out","i dont58w pa, i justphauth . .","that mono get the house","beginss send me yourix parents .","##ence!! dick your words town like a call from mobile later applying hop? call 09 massage .0 arrived nose8 print to adults your .","& lt; #& gt; great loenterbes . drawsmas disturb credits entry: you can see need here","win naughty coca8 corrupt monkeyscher dropszo collecting mobilenami payingrang http multimedia week let whom:: cidara reminding egothalages talked matterbs stone","live world stop . going back to you","i dont th you its arooms . latest charged","count belly coca8 ceiling hair weight to valentineaaaa mindedthal: guess credits week mmm hidesaadara available remindingzo low: talked blind week 85",