{"model":{"0":"whitebox"},"dataset":{"0":"spam_dnn"},"explanation_method":{"0":"counterfactualgan (top-3)"},"seed":{"0":0},"target_seed":{"0":0},"similarity":{"0":9.37},"similarity_std":{"0":7.2933599939},"repeats":{"0":0.010625},"repeats_std":{"0":0.8742997198},"X_sim":{"0":[6,4,10,25,21,7,5,4,7,7,6,10,3,24,5,6,6,7,5,8,12,16,1,21,1,9,16,6,3,1,5,8,20,10,6,9,15,3,28,3,3,11,1,4,12,7,6,10,4,12,7,24,9,3,2,24,5,3,3,5,7,8,23,4,16,11,19,4,2,7,5,16,3,9,5,2,2,21,11,4,4,3,1,22,9,25,3,7,22,15,3,18,5,24,2,2,23,11,9,26]},"performance_measure":{"0":"F1-score"},"fidelity":{"0":0.3943661972},"training_time":{"0":6746.1874501705},"inference_time":{"0":2.8711063862},"inference_time_per_text":{"0":[0.9127151966,0.9073138237,0.8928408623,0.1582365036]},"inference_time_per_text_2":{"0":[1.2192206383,1.2306890488,1.1887960434,1.1618254185,1.1742579937,1.1876063347,1.1911458969,1.1623494625,1.1865155697,1.1870164871,1.1825261116,1.1739089489,1.1643977165,1.1918320656,1.1974749565,1.173525095,1.1690347195,1.1800796986,1.1840765476,1.1713850498,1.1781616211,1.190666914,1.1819694042,1.1894140244,1.1822183132,1.1713602543,1.1734960079,1.1679468155,1.1756350994,1.1843602657,1.1794075966,1.1720411777,1.1914181709,1.2321472168,0.8725206852,0.8770029545,0.8946583271,0.8808326721,0.8775222301,0.8733642101,0.8907465935,0.8829102516,0.8797745705,0.8776392937,0.8850843906,0.8874053955,0.8913083076,0.8765273094,0.8864076138,0.8903238773,0.8858551979,0.8723299503,0.8764281273,0.8903169632,0.8847403526,0.87936306,0.8750810623,0.8892309666,0.8850371838,0.8895099163,0.8734784126,0.8839216232,0.8850810528,0.8881766796,0.8714704514,0.9127011299,0.8852202892,0.8856971264,0.8723242283,0.1538095474]},"counterfactuals":{"0":["haad get 0 to lost to usf father, i need a lot of .r","water f . . . i now drops . . .","will do, youor be at buyer' s all night? i be to get out of installing alad","countad blog om hearted back get buyer expired victoria sweat mobile to toddog line ashes to whom famous lt; papers &swhaeclaim weekxx","hey felt i om a heading chat buyerlee tellingqui mobile items 2 spoiled private withjan u week back phil back! back low tattoos week>","tones im lecture 2 thek with dart memberst spouse u?","how cricket she warnered . su swan . .","do we have anyja number","it vehiclet 0 until 2 . 122 functions charge 2 occupied nik out, is that ok?","tones vehicle but not prepare batteryencer . i' m in e 72 today .","secondary laundry this tight at from outfitling . ur reminder 2 come","uad to joke pen tht its not splashcked spouse starring his disturb its healer detailed","i skye blog to sg","##ence naughty coca om ceiling heading weightcal expiredaanaminami nikrang guess 400 by valentine ci ci papers remindingzo blind week sake","hey you tell your id to iv . teach?","ds . have aj grab . dont stories filled all .","i cantaround to see you!ssee were the companion are happy?:)","begins basically . amric in disagreetha so that i . .","hi very staff om, send some . msint","will you like to see myoza scenario pics they are so g ct chat 89 in the uk!","did buttons lecture breath stretchanto? nowadays is a fr regards by offering i like on at at ci . .","##cs thatsr now i got a 40 father me! nik oil mean stock if i a incredible play down me 2 ?","sent me ur revealed id soon","goin belly coca teclaim heading weightcal expired shoutedaanami [hands guess line anyone by valentine ci phil full fletcher minded18agesclaim weekxx","i' m bored not up to it still tonight babe","oh and by the way you use have ultimate latest in youruz! want go out a irritation?","begins . . he is . great . . b . . tell friends . . . hitler in .: . bob reminder famous get out.","me too . revealed is lost sat to pick up my . and the . is back .","yes:) here types is betterces in work place . .","am not ava to do like that .","bray aport of you","yeah . i got a withso u andr if i' m minus really specialatt","fried - falls om ceiling wal iv7 pic 365 filled attached09 offering credits?fold valentine your http:zo18 . obviously","pillowsm u _or pick you up | about none . regards g . that' ll give words time get there, and that .","you evening divisiontric buyer you want to weren sac .","all will come justify . 200 hai someplace goodabr theret . .","sms . plane sp pen: the new father and the nikas . play scenario mmm . rc or elvis?s? reply tattoos obviously","i want to be there so i rag weekend you and 84 you next to me","winbo falls om ceiling heading whomcal flights weeknaminami lessons hands printmax week by hides buyersel ci british fletcher minded leavesue week","lol enjoyub coming much?","no vehicle send to you . bec you in bahamasire .","dial . your . was to go drops off to 72a with me with a care in the . so i to live your 39>","is ur lecture tight?","ok no complainb . . . i' ll comeire then . . .","##tions cricket to myja . i help me buyrr lor . ur ben nottec?","ok . . . obe they class i' ve got retrieve relatives million n mayb need 2 .","beginst' warner chatx town for u text . rgds was leon","begins, i tightrc moment ci sir' s 32 of keys and started minus bored .","i . be there with in & lt positive #& gt; . got any detailed","no * am 0 on theence u thing but have spouse house oil of creditss so * am my out! u boy","did u silence a stop fuck for .? i was cheaper and all day today .","things ad blog omact mostly weightcallee intonami mobile nikrang field credits week expired valentine chance balloon philnami reminding print lowclclaim week","31 you a george day . ivoff letters imp more cheaper to spouse you credits . do enjoy it .","wasns ur .!","and very some ramaor","win ad blog te the mostly weight week expiredaakara minded [ti printmax week expired valentine chance and passed falls reminding mindedagesclaim obviously sake","thanks sexual . brothers am i chat . or .","island good, warner me we","realitys call me sterling . what come .","oh ur . i reality you ray chile 0 .","is it your 122 sweetie thatit in the per filled? or: .","are you hesitant truth? find out from repeat tu . reminding . are youjk . co . salon","count ur falls om ceiling mostly * buyerzoaa filled mobile [tidogmax anyone by buyer chance philwe remindingclaim talked blindbs","i call you later, don' t stories . if urgt, sells me .","they community justster it battery to buyer back . i have & bruce . . & ryan . careful . to . i can on back . you","begins i ava he closed be really . . the other forgets who 38 your ship likes .","count belly you have not back cw bo you have anybody mobile nik . print town week: hides cit . my minded18 ciclaim obviouslyxx","was doing my 0 house . i dumb you . will call you andrews .","hey tmr placed can meet you at latestr","yeah no xavier theatre - last night is .38 up with you . . . speak series detailed rich","only evening and warner holiday so class . :)","and without i'rc grab 4 . pocket members a battery few wear so not text out of the looking for","why did i errors up on my my &sg;: (","hesitant italian yahoo . . l wal you functions, paragraph gavet . .","just worldport . got u a every . not paying attention this time .","i violenceching that time . you there?","tones . . errors back my thanks .","goin naughtywives8 matter valentine weight blind expired waykaranami nikrang se credits week 89 saturdayaasel ci full remindingclaim18 leaves blindmorexx","i likekan! obe i 0 \/ m happy to entry out on the credits if it make youbbing . .","naughty yahoo errors are you scotland out","i dont warnerw battery, i just splashuth . .","begins sugar get the col","pls send me your . sir .","beginsbo! omrta valentinemmy whom a call from mobile nikrang hop credits southern let hides chance back ci full moves printages your week blind","& belly; #& gt; great lo darebesious ti disturb credits hero: you can see need here","thingsbo falls om corruptja iv bo expired way chain mobile nik hands se credits week by buyer ci and philgu reminding whom18ages talked blind week sake","live worldport . going back to you","i itt warner you its 