{"model":{"0":"whitebox"},"dataset":{"0":"spam_dnn"},"explanation_method":{"0":"counterfactualgan (top-3)"},"seed":{"0":0},"target_seed":{"0":0},"similarity":{"0":7.84},"similarity_std":{"0":8.2712997769},"repeats":{"0":0.0125},"repeats_std":{"0":0.775306391},"X_sim":{"0":[4,2,6,10,25,6,3,3,12,6,5,6,3,25,3,2,3,3,0,2,9,10,1,25,0,3,13,6,1,1,2,4,26,7,2,3,15,2,27,3,1,11,0,2,7,6,4,8,2,11,6,26,8,4,2,27,2,4,0,5,3,21,24,1,8,8,22,4,2,3,4,10,2,7,4,1,0,26,6,4,2,2,0,23,9,23,2,2,23,9,3,11,3,26,1,0,26,6,3,25]},"performance_measure":{"0":"F1-score"},"fidelity":{"0":0.0689655172},"training_time":{"0":4664.019588232},"inference_time":{"0":2.660392046},"inference_time_per_text":{"0":[0.8343887329,0.8458693027,0.8353259563,0.144808054]},"inference_time_per_text_2":{"0":[0.8789160252,0.8784425259,0.8715677261,0.8719058037,0.8750026226,0.8857049942,0.873831749,0.8681089878,0.8676569462,0.8783595562,0.8746845722,0.8719370365,0.8769538403,0.8819947243,0.8825500011,0.873257637,0.8681445122,0.8840532303,0.8837995529,0.8715441227,0.8695576191,0.8818256855,0.8827366829,0.8720343113,0.8689053059,0.8732755184,0.8793504238,0.8750472069,0.8772974014,0.8732149601,0.8769192696,0.8787317276,0.8739774227,0.9032411575,0.839851141,0.8345010281,0.827852726,0.8310770988,0.8331637383,0.8343384266,0.8310432434,0.8311507702,0.8397707939,0.8345062733,0.8300716877,0.8377518654,0.831492424,0.8435907364,0.8343839645,0.8282287121,0.8378584385,0.8320410252,0.8284475803,0.8084249496,0.8104951382,0.8120925426,0.8218462467,0.8129620552,0.8116285801,0.8280038834,0.8146674633,0.8102884293,0.8095543385,0.8142409325,0.8171408176,0.844884634,0.8088238239,0.8247857094,0.8155066967,0.1407492161]},"counterfactuals":{"0":["haha get u to you to usf man, i know a lot ofqur","pink . . . i now v hungry . . .","will do, you gonna be atdate' s all night? i be sometimes to get out of here a","if we do have to get a bai zebra we need to change our skins to door & lt; #& gt; \/ grandma","","b im creepy 2 the tomks with worms .t pink u?","how much she payed . su show . .","do we have any stop t we","it wont b until 2 .","dining mono but not nec charge lor . i' m in e mor today .",",q this chat at mine from 6' . ur welcome 2 come","u to tell him tht its not now witot charged his . its the .","i ryan where to mobile","winbo ashes omclaim wal weight buffet ci way victoria deepest permit small0 chicken dorm! chance xavier understood back hand minded losers leaves coca clip seekers","hey you told your name to re","great . have a safe trip . dont styling all .","i cant acknowledge to see you! how were the hmm were heavy?:)","no de . am network in online by so that i battery .","hi chikku, send some nice msgs","would you like to see my xxx pics they are so hot they were justv in the uk!","do plus ab tomo? * is a fr prasad by print i like on at bro at arrested . sit .","b thats better now i got a down me!itha shortage b so if i had a fewshu me 2! good","sent me ur chat id soon","##ence naughty cocamitclaim hair print shah bud low what deepest denisning passed0 400 thread above ci week ci papers hand minded leaves matterxx","i' m really not up to it still tonight babe","oh and by the way you do have more to in your house! want to go out for a tonight?","yes . . he is really great . . bha ep god best afterh in world .18 register to .","me too .i is taking you to pick up my replied and the you is ll back .","yes:) here tv is many available in work place . .","am not simple to do like that .","its a part of you","yeah . i got a with only u and purchase if i' m feeling really 117","win week image 151 [wal iv literally bud shouted 420 attached falls subject semax 400 losers week week and ci full minded18 to andmore partner","matterm u _ ill housing you up at about 6 . prasadpm . that' ll give enough time to get there [and his . .","you can elvist tom things you want to remember later .","all will come 80 . better correct any good looking xi there yes . .","sms . print spts: the newzo into and the25 system . play nationwide burn . reply or lift? end? reply his .","i want to be there so i can' you and mid you next to me","handbo 89tian [valentine weight blanketszo specify 326 deepest per device printmax weekfold week buyer balloon ci full . print leaves talked week","lol sterling isn play much?","no just send to you . bec you in na .","leave . your theatre was to go vip off toa with me not a care in the world . so i have to live","is ur lecture over?","ok no otb . . . i' ll come after then . . .","day very to my mind . we help me buyaier lor . ur not 117?","ok . . . but they said i' ve got57 age final n mayb need 2 .","cleart' thnq b for u text . rgds you leon","emigrated, i need ve .uga sir' s sin of father and company 100 contribute .","i . be there with in & lt; #& gt; minutes . got any depend","no * am work on the enters u thing but have weed house dare of talks so * am my out! surprised","did u find ar for 20? i wasnge and stairs all day yesterday .","handbo 89 151 ci hair weight blanketszo low 326 lives denis device .max week losers above chance balloon andnami hand atlanta [investigate and clip uk","31 you a sit day . every enjoy even morenge to keep you . do enjoy it .","##s regardsly!","and maybe some president td","winbo 89 151 [housing weight literally bud cihaya print [##ning printmax week losers above buyer xavier . determine reaction print leaves and clipmore blind","thanks love . but am i doing or .","##ge good, keep me,","pls call me da . what happen .","oh ur . i thought yougent you .","is it your illness boys that chat in the perf? or available .","hand river 89tian mobile headingbles week matter ci 326 attached [device print above 400 . week . and .nami [us super","win naughty gamesmit [hair0 buffet bud ci 420 lives perning semax 400fold convert0 and understoodnami chance minded to coca clipmore","i call you later, don' t have network . if urt, sms me .","they are just damn itfles to 450 back . i have & lt; #& gt; y to say but i can back you","yeah i jul he would be really simulate . ti the other forgets who stop they yo like facebooks .","win ci you and not us weight shah bud havenami attached falls . . above week: gail ci .t . hand print lowwives and losers ukxx","was doing my social early . iore you . will call you tomorrow .","hey tmr maybe can meet you at y'","yeah no otbs - last night is hard up with you . . . speak soon","only cool and saturday holiday so its . :)","and also i' ve coursea get sa off a approved relatives dangerous so id 2 not text him out of the for","why did i wake up on my s & gt;: ( sight","just slide' . . lk youaj,bes .t . .","just done bother . got u a . not left this time .","i was 145 that time . you there?","k . . give back my thanks .","hand riverwivestianclaim hair ci blankets ci ci neither attached denis device se above problem thread convert ci balloon and full . print to and clip week blind","i likegin! but iu \/ m to icc per on the if it makes you feel better . .","punishment afterwards sa nas are you missing out","i dont netw pa, i just drink outreach . .","that get the stay","pls send me your address sir .","win naughty!tian the mobile ci buffet bud shouted victoria mobile payingningnami social shot we week ci0 presley determine .zo leaves and partner","& lt; #& gt; great lo during ow . xmas failsais update: you can just seets here","winbo games omclaim valentine iv shah bud shouted neither attachedbbing extra semax problem we convert ci week andnami hand print losers leaves coca matterxx",", stop . going back to sleep","i dont thnk its a . talk between us","winbo games om matter hair0 shah ci shoutedhaya deepest denis device sebo weekfold convert ci and and determine . minded to coca matter","there r many' . . sony habit dartfi purchase . . & lt; #& gt; . . it falling problematic good register i king","i go to projectnik","my is may e in eoll so i' m not hillsborough w her . so c u - 2 today t","call me, i am sentgent from nowadays . .","win river 89 spaces ci mobile 450 